nan,nan,nan,nan
nan,nan,nan,nan
9.743693240217331208e+01,9.890154245807427458e+01,9.743693240217331208e+01,9.780308491614854915e+01
