nan,nan,nan,nan
9.230769230769230660e+01,6.153846153846154010e+01,7.692307692307693401e+01,3.846153846153846700e+01
0.000000000000000000e+00,0.000000000000000000e+00,0.000000000000000000e+00,0.000000000000000000e+00
