nan,nan,nan,nan
3.672316384180791005e+01,1.355932203389830448e+01,2.203389830508474390e+01,1.355932203389830448e+01
0.000000000000000000e+00,0.000000000000000000e+00,0.000000000000000000e+00,0.000000000000000000e+00
