nan,nan,nan,nan
5.121951219512195053e+01,0.000000000000000000e+00,9.756097560975609539e+00,0.000000000000000000e+00
0.000000000000000000e+00,0.000000000000000000e+00,0.000000000000000000e+00,0.000000000000000000e+00
