nan,nan,nan,nan
nan,nan,nan,nan
0.000000000000000000e+00,0.000000000000000000e+00,2.294214640426739393e+01,0.000000000000000000e+00
