nan,nan,nan,nan
nan,nan,nan,nan
1.046476131428949685e+01,1.743237500409309959e+01,1.079361436074035296e+01,1.178975235433766677e+01
