nan,nan,nan,nan
nan,nan,nan,nan
7.086794771322485076e+01,7.896167979478977372e+01,8.171499703556690974e+01,8.248928649905822397e+01
