nan,nan,nan,nan
5.333333333333333570e+01,2.666666666666666785e+01,5.000000000000000000e+01,2.666666666666666785e+01
0.000000000000000000e+00,0.000000000000000000e+00,0.000000000000000000e+00,0.000000000000000000e+00
