nan,nan,nan,nan
9.473684210526315042e+01,7.368421052631578050e+01,8.421052631578946546e+01,5.789473684210526727e+01
0.000000000000000000e+00,0.000000000000000000e+00,0.000000000000000000e+00,0.000000000000000000e+00
