nan,nan,nan,nan
nan,nan,nan,nan
0.000000000000000000e+00,0.000000000000000000e+00,8.425184594665388715e+01,0.000000000000000000e+00
