nan,nan,nan,nan
2.145833333333333215e+01,5.000000000000000000e+00,1.500000000000000000e+01,5.000000000000000000e+00
0.000000000000000000e+00,0.000000000000000000e+00,0.000000000000000000e+00,0.000000000000000000e+00
