nan,nan,nan,nan
nan,nan,nan,nan
0.000000000000000000e+00,0.000000000000000000e+00,9.948362083688060409e+01,0.000000000000000000e+00
