nan,nan,nan,nan
nan,nan,nan,nan
1.943795058880155580e+01,1.943795058880155580e+01,1.943795058880155580e+01,1.943795058880155580e+01
