nan,nan,nan,nan
4.444444444444444287e+01,1.111111111111111072e+01,3.333333333333332860e+01,1.111111111111111072e+01
0.000000000000000000e+00,0.000000000000000000e+00,0.000000000000000000e+00,0.000000000000000000e+00
