nan,nan,nan,nan
1.000000000000000000e+02,9.090909090909090651e+01,1.000000000000000000e+02,8.636363636363635976e+01
nan,nan,nan,nan
