nan,nan,nan,nan
nan,nan,nan,nan
1.315775732661734487e+01,1.315775732661734487e+01,1.315775732661734487e+01,1.315775732661734487e+01
