nan,nan,nan,nan
1.000000000000000000e+02,8.571428571428570820e+01,8.571428571428570820e+01,8.571428571428570820e+01
0.000000000000000000e+00,0.000000000000000000e+00,0.000000000000000000e+00,0.000000000000000000e+00
