nan,nan,nan,nan
2.000000000000000000e+01,1.000000000000000000e+01,1.041666666666666785e+01,1.000000000000000000e+01
0.000000000000000000e+00,0.000000000000000000e+00,0.000000000000000000e+00,0.000000000000000000e+00
