nan,nan,nan,nan
nan,nan,nan,nan
7.998511013170420370e+01,1.000000000000000000e+02,1.000000000000000000e+02,1.000000000000000000e+02
