nan,nan,nan,nan
5.714285714285713880e+01,1.428571428571428470e+01,4.285714285714285410e+01,1.428571428571428470e+01
0.000000000000000000e+00,0.000000000000000000e+00,0.000000000000000000e+00,0.000000000000000000e+00
