nan,nan,nan,nan
nan,nan,nan,nan
0.000000000000000000e+00,1.372166920966072068e+00,0.000000000000000000e+00,0.000000000000000000e+00
