nan,nan,nan,nan
6.875000000000000000e+01,3.125000000000000000e+01,5.416666666666666430e+01,3.125000000000000000e+01
0.000000000000000000e+00,0.000000000000000000e+00,0.000000000000000000e+00,0.000000000000000000e+00
