nan,nan,nan,nan
nan,nan,nan,nan
1.578865190056271128e+00,1.578865190056271128e+00,1.578865190056271128e+00,1.578865190056271128e+00
