nan,nan,nan,nan
1.000000000000000000e+02,1.000000000000000000e+02,1.000000000000000000e+02,5.000000000000000000e+01
nan,nan,nan,nan
