nan,nan,nan,nan
0.000000000000000000e+00,0.000000000000000000e+00,0.000000000000000000e+00,0.000000000000000000e+00
0.000000000000000000e+00,3.745523526645228429e+01,0.000000000000000000e+00,3.745523526645228429e+01
