nan,nan,nan,nan
0.000000000000000000e+00,0.000000000000000000e+00,0.000000000000000000e+00,0.000000000000000000e+00
0.000000000000000000e+00,5.269918324578173241e+01,0.000000000000000000e+00,5.269918324578173241e+01
