nan,nan,nan,nan
0.000000000000000000e+00,0.000000000000000000e+00,0.000000000000000000e+00,0.000000000000000000e+00
0.000000000000000000e+00,5.028529350788563335e+01,0.000000000000000000e+00,5.028529350788563335e+01
