nan,nan,nan,nan
0.000000000000000000e+00,0.000000000000000000e+00,0.000000000000000000e+00,0.000000000000000000e+00
0.000000000000000000e+00,1.655306193677849436e+01,0.000000000000000000e+00,1.805788574921290390e+01
