nan,nan,nan,nan
nan,nan,nan,nan
2.033343516388772798e+01,2.033343516388772798e+01,2.033343516388772798e+01,2.033343516388772798e+01
