nan,nan,nan,nan
nan,nan,nan,nan
2.366290423062276815e+01,5.445529913727964555e+01,2.498757190684476015e+01,2.989885977858390831e+01
