nan,nan,nan,nan
nan,nan,nan,nan
9.009917005899353626e+01,9.575678716814009306e+01,9.009917005899353626e+01,9.151357433628017191e+01
