nan,nan,nan,nan
nan,nan,nan,nan
1.304894583235506289e+01,1.341521983569893806e+01,1.304894583235506289e+01,1.304894583235506289e+01
