nan,nan,nan,nan
nan,nan,nan,nan
2.704499171071023511e+01,2.704499171071023511e+01,2.704499171071023511e+01,2.704499171071023511e+01
