nan,nan,nan,nan
nan,nan,nan,nan
4.321461443387706680e+01,4.321461443387706680e+01,4.321461443387706680e+01,4.321461443387706680e+01
