nan,nan,nan,nan
nan,nan,nan,nan
9.622839861533483585e+00,9.708756895480599169e+00,9.751715412454158738e+00,9.751715412454158738e+00
