nan,nan,nan,nan
nan,nan,nan,nan
8.333333333333332149e+00,1.000000000000000000e+02,1.000000000000000000e+02,1.000000000000000000e+02
