nan,nan,nan,nan
nan,nan,nan,nan
0.000000000000000000e+00,1.141138236883968027e+01,2.300511066469863408e+01,2.626550562722426108e+01
