nan,nan,nan,nan
nan,nan,nan,nan
9.997954893184834191e+01,1.000000000000000000e+02,1.000000000000000000e+02,1.000000000000000000e+02
