nan,nan,nan,nan
nan,nan,nan,nan
9.516894993735587605e+01,1.000000000000000000e+02,1.000000000000000000e+02,1.000000000000000000e+02
