nan,nan,nan,nan
1.000000000000000000e+02,8.095238095238094900e+01,8.571428571428570820e+01,7.142857142857143060e+01
nan,nan,nan,nan
