nan,nan,nan,nan
1.000000000000000000e+02,6.666666666666665719e+01,1.000000000000000000e+02,5.555555555555555713e+01
nan,nan,nan,nan
