nan,nan,nan,nan
0.000000000000000000e+00,0.000000000000000000e+00,0.000000000000000000e+00,0.000000000000000000e+00
1.523036665901030773e+01,1.523036665901030773e+01,1.523036665901030773e+01,1.523036665901030773e+01
