nan,nan,nan,nan
1.000000000000000000e+02,1.666666666666666430e+01,1.000000000000000000e+02,0.000000000000000000e+00
0.000000000000000000e+00,0.000000000000000000e+00,0.000000000000000000e+00,0.000000000000000000e+00
