nan,nan,nan,nan
nan,nan,nan,nan
0.000000000000000000e+00,0.000000000000000000e+00,3.264789399833266437e+00,0.000000000000000000e+00
