nan,nan,nan,nan
nan,nan,nan,nan
0.000000000000000000e+00,0.000000000000000000e+00,2.486930315540685754e+01,0.000000000000000000e+00
